site,label_site,wildtype,mutation,condition,protein_chain,protein_site,site_r2,mut_r2,site_interaction_B12,site_interaction_SAH
106,A106,A,V,-,A,106,5,0.999972,,
220,R220,R,G,-,A,220,5,1,,
686,H686,H,N,-,A,686,5,1,,
919,D919,D,G,-,A,919,5,1,,
1222,N1222,N,S,-,A,1222,5,0.999934,,
664,ASP664A,N,N,WT,A,664,,,0,0
665,GLU665A,G,G,WT,A,665,,,0,0
666,TRP666A,P,P,WT,A,666,,,0,0
667,ARG667A,V,V,WT,A,667,,,0,0
668,ASN668A,E,E,WT,A,668,,,0,0
669,GLY669A,E,E,WT,A,669,,,0,0
670,PRO670A,R,R,WT,A,670,,,0,0
671,VAL671A,L,L,WT,A,671,,,0,0
672,GLU672A,E,E,WT,A,672,,,0,0
673,GLU673A,Y,Y,WT,A,673,,,0,0
674,ARG674A,A,A,WT,A,674,,,0,0
675,LEU675A,L,L,WT,A,675,,,0,0
676,GLU676A,V,V,WT,A,676,,,0,0
677,TYR677A,K,K,WT,A,677,,,0,0
678,ALA678A,G,G,WT,A,678,,,0,0
679,LEU679A,I,I,WT,A,679,,,0,0
680,VAL680A,E,E,WT,A,680,,,0,0
681,LYS681A,K,K,WT,A,681,,,0,0
682,GLY682A,H,H,WT,A,682,,,0,0
683,ILE683A,I,I,WT,A,683,,,0,0
684,GLU684A,I,I,WT,A,684,,,0,0
685,LYS685A,E,E,WT,A,685,,,0,0
686,HIS686A,D,D,WT,A,686,,,0,0
687,ILE687A,T,T,WT,A,687,,,0,0
688,ILE688A,E,E,WT,A,688,,,0,0
689,GLU689A,E,E,WT,A,689,,,0,0
690,ASP690A,A,A,WT,A,690,,,0,0
691,THR691A,R,R,WT,A,691,,,0,0
692,GLU692A,L,L,WT,A,692,,,0,0
693,GLU693A,N,N,WT,A,693,,,0,0
694,ALA694A,Q,Q,WT,A,694,,,0,0
695,ARG695A,K,K,WT,A,695,,,0,0
696,LEU696A,K,K,WT,A,696,,,0,0
697,ASN697A,Y,Y,WT,A,697,,,0,0
698,GLN698A,P,P,WT,A,698,,,0,0
699,LYS699A,R,R,WT,A,699,,,0,0
700,LYS700A,P,P,WT,A,700,,,0,0
701,TYR701A,L,L,WT,A,701,,,0,0
702,PRO702A,N,N,WT,A,702,,,0,0
703,ARG703A,I,I,WT,A,703,,,0,0
704,PRO704A,I,I,WT,A,704,,,0,0
705,LEU705A,E,E,WT,A,705,,,0,0
706,ASN706A,G,G,WT,A,706,,,0,0
707,ILE707A,P,P,WT,A,707,,,0,0
708,ILE708A,L,L,WT,A,708,,,0,0
709,GLU709A,M,M,WT,A,709,,,0,0
710,GLY710A,N,N,WT,A,710,,,0,0
711,PRO711A,G,G,WT,A,711,,,0,0
712,LEU712A,M,M,WT,A,712,,,0,0
713,MET713A,K,K,WT,A,713,,,0,0
714,ASN714A,I,I,WT,A,714,,,0,0
715,GLY715A,V,V,WT,A,715,,,0,0
716,MET716A,G,G,WT,A,716,,,0,0
717,LYS717A,D,D,WT,A,717,,,0,0
718,ILE718A,L,L,WT,A,718,,,0,0
719,VAL719A,F,F,WT,A,719,,,0,0
720,GLY720A,G,G,WT,A,720,,,0,0
721,ASP721A,A,A,WT,A,721,,,0,0
722,LEU722A,G,G,WT,A,722,,,0,0
723,PHE723A,K,K,WT,A,723,,,0,0
724,GLY724A,M,M,WT,A,724,,,0,0
725,ALA725A,F,F,WT,A,725,,,0,0
726,GLY726A,L,L,WT,A,726,,,0,0
727,LYS727A,P,P,WT,A,727,,,0,0
728,MET728A,Q,Q,WT,A,728,,,0,0
729,PHE729A,V,V,WT,A,729,,,0,0
730,LEU730A,I,I,WT,A,730,,,-7.1725,0
731,PRO731A,K,K,WT,A,731,,,0,0
732,GLN732A,S,S,WT,A,732,,,0,0
733,VAL733A,A,A,WT,A,733,,,0,0
734,ILE734A,R,R,WT,A,734,,,0,0
735,LYS735A,V,V,WT,A,735,,,0,0
736,SER736A,M,M,WT,A,736,,,0,0
737,ALA737A,K,K,WT,A,737,,,0,0
738,ARG738A,K,K,WT,A,738,,,0,0
739,VAL739A,A,A,WT,A,739,,,0,0
740,MET740A,V,V,WT,A,740,,,0,0
741,LYS741A,G,G,WT,A,741,,,0,0
742,LYS742A,H,H,WT,A,742,,,0,0
743,ALA743A,L,L,WT,A,743,,,0,0
744,VAL744A,I,I,WT,A,744,,,0,0
745,GLY745A,P,P,WT,A,745,,,0,0
746,HIS746A,F,F,WT,A,746,,,0,0
747,LEU747A,M,M,WT,A,747,,,0,0
748,ILE748A,E,E,WT,A,748,,,0,0
749,PRO749A,K,K,WT,A,749,,,0,0
750,PHE750A,E,E,WT,A,750,,,0,0
751,MET751A,R,R,WT,A,751,,,0,0
752,GLU752A,E,E,WT,A,752,,,0,0
753,LYS753A,E,E,WT,A,753,,,0,0
754,GLU754A,T,T,WT,A,754,,,0,0
755,ARG755A,R,R,WT,A,755,,,0,0
756,GLU756A,V,V,WT,A,756,,,0,0
757,GLU757A,L,L,WT,A,757,,,0,0
758,THR758A,N,N,WT,A,758,,,0,0
759,ARG759A,G,G,WT,A,759,,,0,0
760,VAL760A,T,T,WT,A,760,,,0,0
761,LEU761A,V,V,WT,A,761,,,0,0
762,ASN762A,E,E,WT,A,762,,,0,0
763,GLY763A,E,E,WT,A,763,,,0,0
764,THR764A,E,E,WT,A,764,,,0,0
765,VAL765A,D,D,WT,A,765,,,0,0
766,GLU766A,P,P,WT,A,766,,,0,0
767,GLU767A,Y,Y,WT,A,767,,,0,0
768,GLU768A,Q,Q,WT,A,768,,,0,0
769,ASP769A,G,G,WT,A,769,,,0,0
770,PRO770A,T,T,WT,A,770,,,0,0
771,TYR771A,I,I,WT,A,771,,,0,0
772,GLN772A,V,V,WT,A,772,,,0,0
773,GLY773A,L,L,WT,A,773,,,0,0
774,THR774A,A,A,WT,A,774,,,0,0
775,ILE775A,T,T,WT,A,775,,,-38.505,0
776,VAL776A,V,V,WT,A,776,,,0,0
777,LEU777A,K,K,WT,A,777,,,-521.7158,0
778,ALA778A,G,G,WT,A,778,,,0,0
779,THR779A,D,D,WT,A,779,,,0,0
780,VAL780A,V,V,WT,A,780,,,0,0
781,LYS781A,H,H,WT,A,781,,,0,0
782,GLY782A,D,D,WT,A,782,,,0,0
783,ASP783A,I,I,WT,A,783,,,34.84,0
784,VAL784A,G,G,WT,A,784,,,-479.750631,0
785,HIS785A,K,K,WT,A,785,,,-1646.99025,0
786,ASP786A,N,N,WT,A,786,,,0,0
787,ILE787A,I,I,WT,A,787,,,-788.6198,0
788,GLY788A,V,V,WT,A,788,,,-3974.06477,0
789,LYS789A,G,G,WT,A,789,,,-1711.282,0
790,ASN790A,V,V,WT,A,790,,,0,0
791,ILE791A,V,V,WT,A,791,,,-1490.7475,0
792,VAL792A,L,L,WT,A,792,,,-3783.0297,0
793,GLY793A,G,G,WT,A,793,,,0,0
794,VAL794A,C,C,WT,A,794,,,0,0
795,VAL795A,N,N,WT,A,795,,,0,0
796,LEU796A,N,N,WT,A,796,,,-1.1325,0
797,GLY797A,F,F,WT,A,797,,,0,0
798,CYS798A,R,R,WT,A,798,,,0,0
799,ASN799A,V,V,WT,A,799,,,0,0
800,ASN800A,I,I,WT,A,800,,,0,0
801,PHE801A,D,D,WT,A,801,,,0,0
802,ARG802A,L,L,WT,A,802,,,0,0
803,VAL803A,G,G,WT,A,803,,,0,0
804,ILE804A,V,V,WT,A,804,,,0,0
805,ASP805A,M,M,WT,A,805,,,0,0
806,LEU806A,T,T,WT,A,806,,,0,0
807,GLY807A,P,P,WT,A,807,,,0,0
808,VAL808A,C,C,WT,A,808,,,0,0
809,MET809A,D,D,WT,A,809,,,0,0
810,THR810A,K,K,WT,A,810,,,0,0
811,PRO811A,I,I,WT,A,811,,,0,0
812,CYS812A,L,L,WT,A,812,,,0,0
813,ASP813A,K,K,WT,A,813,,,0,0
814,LYS814A,A,A,WT,A,814,,,0,0
815,ILE815A,A,A,WT,A,815,,,0,0
816,LEU816A,L,L,WT,A,816,,,0,0
817,LYS817A,D,D,WT,A,817,,,0,0
818,ALA818A,H,H,WT,A,818,,,0,0
819,ALA819A,K,K,WT,A,819,,,0,0
820,LEU820A,A,A,WT,A,820,,,0,0
821,ASP821A,D,D,WT,A,821,,,0,0
822,HIS822A,I,I,WT,A,822,,,0,0
823,LYS823A,I,I,WT,A,823,,,0,0
824,ALA824A,G,G,WT,A,824,,,0,0
825,ASP825A,L,L,WT,A,825,,,0,0
826,ILE826A,S,S,WT,A,826,,,0,0
827,ILE827A,G,G,WT,A,827,,,0,0
828,GLY828A,L,L,WT,A,828,,,-977.3558,0
829,LEU829A,I,I,WT,A,829,,,-783.5395,0
830,SER830A,T,T,WT,A,830,,,-3417.3026,0
831,GLY831A,P,P,WT,A,831,,,0,0
832,LEU832A,S,S,WT,A,832,,,-4010.234924,0
833,ILE833A,L,L,WT,A,833,,,-2834.9082,0
834,THR834A,D,D,WT,A,834,,,-2113.50734,0
835,PRO835A,E,E,WT,A,835,,,0,0
836,SER836A,M,M,WT,A,836,,,0,0
837,LEU837A,I,I,WT,A,837,,,0,0
838,ASP838A,F,F,WT,A,838,,,0,0
839,GLU839A,V,V,WT,A,839,,,0,0
840,MET840A,A,A,WT,A,840,,,0,0
841,ILE841A,K,K,WT,A,841,,,0,0
842,PHE842A,E,E,WT,A,842,,,0,0
843,VAL843A,M,M,WT,A,843,,,0,0
844,ALA844A,E,E,WT,A,844,,,0,0
845,LYS845A,R,R,WT,A,845,,,0,0
846,GLU846A,L,L,WT,A,846,,,0,0
847,MET847A,A,A,WT,A,847,,,0,0
848,GLU848A,I,I,WT,A,848,,,0,0
849,ARG849A,R,R,WT,A,849,,,0,0
850,LEU850A,I,I,WT,A,850,,,0,0
851,ALA851A,P,P,WT,A,851,,,0,0
852,ILE852A,L,L,WT,A,852,,,0,0
853,ARG853A,L,L,WT,A,853,,,0,0
854,ILE854A,I,I,WT,A,854,,,0,0
855,PRO855A,G,G,WT,A,855,,,0,0
856,LEU856A,G,G,WT,A,856,,,0,0
857,LEU857A,A,A,WT,A,857,,,-1546.17,0
858,ILE858A,T,T,WT,A,858,,,-415.7482,0
859,GLY859A,T,T,WT,A,859,,,-3081.5326,0
860,GLY860A,S,S,WT,A,860,,,-2925.72689,0
861,ALA861A,K,K,WT,A,861,,,-3714.278666,0
862,THR862A,T,T,WT,A,862,,,-525.9684,0
863,THR863A,H,H,WT,A,863,,,0,0
864,SER864A,T,T,WT,A,864,,,0,0
865,LYS865A,A,A,WT,A,865,,,0,0
866,THR866A,V,V,WT,A,866,,,0,0
867,HIS867A,K,K,WT,A,867,,,0,0
868,THR868A,I,I,WT,A,868,,,0,0
869,ALA869A,A,A,WT,A,869,,,0,0
870,VAL870A,P,P,WT,A,870,,,0,0
871,LYS871A,R,R,WT,A,871,,,0,0
872,ILE872A,Y,Y,WT,A,872,,,0,0
873,ALA873A,S,S,WT,A,873,,,0,0
874,PRO874A,A,A,WT,A,874,,,0,0
875,ARG875A,P,P,WT,A,875,,,0,0
876,TYR876A,V,V,WT,A,876,,,0,0
877,SER877A,I,I,WT,A,877,,,0,0
878,ALA878A,H,H,WT,A,878,,,0,0
879,PRO879A,V,V,WT,A,879,,,0,0
880,VAL880A,L,L,WT,A,880,,,0,0
881,ILE881A,D,D,WT,A,881,,,0,0
882,HIS882A,A,A,WT,A,882,,,0,0
883,VAL883A,S,S,WT,A,883,,,-1722.4096,0
884,LEU884A,K,K,WT,A,884,,,-1237.7989,0
885,ASP885A,S,S,WT,A,885,,,-1500.651,0
886,ALA886A,V,V,WT,A,886,,,-1256.273,0
887,SER887A,V,V,WT,A,887,,,0,0
888,LYS888A,V,V,WT,A,888,,,0,0
889,SER889A,C,C,WT,A,889,,,-842.9807,0
890,VAL890A,S,S,WT,A,890,,,0,0
891,VAL891A,Q,Q,WT,A,891,,,0,0
892,VAL892A,L,L,WT,A,892,,,0,0
893,CYS893A,L,L,WT,A,893,,,0,0
894,SER894A,D,D,WT,A,894,,,0,0
895,GLN895A,E,E,WT,A,895,,,0,0
896,LEU896A,N,N,WT,A,896,,,0,0
897,LEU897A,L,L,WT,A,897,,,0,0
898,ASP898A,K,K,WT,A,898,,,0,0
899,GLU899A,D,D,WT,A,899,,,0,0
900,ASN900A,E,E,WT,A,900,,,0,0
901,LEU901A,Y,Y,WT,A,901,,,0,0
902,LYS902A,F,F,WT,A,902,,,0,0
903,ASP903A,E,E,WT,A,903,,,0,0
904,GLU904A,E,E,WT,A,904,,,0,0
905,TYR905A,I,I,WT,A,905,,,0,0
906,PHE906A,M,M,WT,A,906,,,0,0
907,GLU907A,E,E,WT,A,907,,,0,0
908,GLU908A,E,E,WT,A,908,,,0,0
909,ILE909A,Y,Y,WT,A,909,,,0,0
910,MET910A,E,E,WT,A,910,,,0,0
911,GLU911A,D,D,WT,A,911,,,0,0
912,GLU912A,I,I,WT,A,912,,,0,0
913,TYR913A,R,R,WT,A,913,,,0,0
914,GLU914A,Q,Q,WT,A,914,,,0,0
915,ASP915A,D,D,WT,A,915,,,0,0
916,ILE916A,H,H,WT,A,916,,,0,0
917,ARG917A,Y,Y,WT,A,917,,,0,0
918,GLN918A,E,E,WT,A,918,,,0,0
919,ASP919A,S,S,WT,A,919,,,0,0
920,HIS920A,L,L,WT,A,920,,,0,0
921,TYR921A,K,K,WT,A,921,,,0,0
922,GLU922A,E,E,WT,A,922,,,0,0
923,SER923A,R,R,WT,A,923,,,0,0
924,LEU924A,R,R,WT,A,924,,,0,0
925,LYS925A,Y,Y,WT,A,925,,,0,0
926,GLU926A,L,L,WT,A,926,,,0,0
927,ARG927A,P,P,WT,A,927,,,0,0
928,ARG928A,L,L,WT,A,928,,,0,0
929,TYR929A,S,S,WT,A,929,,,0,0
930,LEU930A,Q,Q,WT,A,930,,,0,0
931,PRO931A,A,A,WT,A,931,,,0,0
932,LEU932A,R,R,WT,A,932,,,0,0
933,SER933A,K,K,WT,A,933,,,0,0
934,GLN934A,S,S,WT,A,934,,,0,0
935,ALA935A,G,G,WT,A,935,,,0,0
936,ARG936A,F,F,WT,A,936,,,0,0
937,LYS937A,Q,Q,WT,A,937,,,0,0
938,SER938A,M,M,WT,A,938,,,0,0
939,GLY939A,D,D,WT,A,939,,,0,0
940,PHE940A,W,W,WT,A,940,,,0,0
941,GLN941A,L,L,WT,A,941,,,0,0
942,MET942A,S,S,WT,A,942,,,0,0
943,ASP943A,E,E,WT,A,943,,,0,0
944,TRP944A,P,P,WT,A,944,,,0,0
945,LEU945A,H,H,WT,A,945,,,0,0
946,SER946A,P,P,WT,A,946,,,0,0
947,GLU947A,V,V,WT,A,947,,,0,0
948,PRO948A,K,K,WT,A,948,,,0,0
949,HIS949A,P,P,WT,A,949,,,0,0
950,PRO950A,T,T,WT,A,950,,,0,0
951,VAL951A,F,F,WT,A,951,,,0,0
952,LYS952A,I,I,WT,A,952,,,0,0
953,PRO953A,G,G,WT,A,953,,,0,0
954,THR954A,T,T,WT,A,954,,,0,0
955,PHE955A,Q,Q,WT,A,955,,,0,0
956,ILE956A,V,V,WT,A,956,,,0,0
957,GLY957A,F,F,WT,A,957,,,0,0
958,THR958A,E,E,WT,A,958,,,0,0
959,GLN959A,D,D,WT,A,959,,,0,0
960,VAL960A,Y,Y,WT,A,960,,,0,0
961,PHE961A,D,D,WT,A,961,,,0,0
962,GLU962A,L,L,WT,A,962,,,0,0
963,ASP963A,Q,Q,WT,A,963,,,0,0
964,TYR964A,K,K,WT,A,964,,,0,0
965,ASP965A,L,L,WT,A,965,,,0,0
966,LEU966A,V,V,WT,A,966,,,0,0
967,GLN967A,D,D,WT,A,967,,,0,0
968,LYS968A,Y,Y,WT,A,968,,,0,0
969,LEU969A,I,I,WT,A,969,,,0,0
970,VAL970A,D,D,WT,A,970,,,0,0
971,ASP971A,W,W,WT,A,971,,,0,0
972,TYR972A,K,K,WT,A,972,,,0,0
973,ILE973A,P,P,WT,A,973,,,0,0
974,ASP974A,F,F,WT,A,974,,,0,-283.1534
975,TRP975A,F,F,WT,A,975,,,0,0
976,LYS976A,D,D,WT,A,976,,,576.9208,572.8295
977,PRO977A,V,V,WT,A,977,,,-898.1783,-846.9265
978,PHE978A,W,W,WT,A,978,,,0,0
979,PHE979A,Q,Q,WT,A,979,,,0,0
980,ASP980A,L,L,WT,A,980,,,-811.211,0
981,VAL981A,R,R,WT,A,981,,,-3193.9624,0
982,TRP982A,G,G,WT,A,982,,,0,0
983,GLN983A,K,K,WT,A,983,,,-722.8775,0
984,LEU984A,Y,Y,WT,A,984,,,0,0
985,ARG985A,P,P,WT,A,985,,,0,0
986,GLY986A,N,N,WT,A,986,,,0,0
987,LYS987A,R,R,WT,A,987,,,0,0
988,TYR988A,G,G,WT,A,988,,,-1194.6724,0
989,PRO989A,F,F,WT,A,989,,,0,0
990,ASN990A,P,P,WT,A,990,,,0,0
991,ARG991A,K,K,WT,A,991,,,0,0
992,GLY992A,I,I,WT,A,992,,,0,0
993,PHE993A,F,F,WT,A,993,,,0,0
994,PRO994A,N,N,WT,A,994,,,0,0
995,LYS995A,D,D,WT,A,995,,,0,0
996,ILE996A,K,K,WT,A,996,,,0,0
997,PHE997A,T,T,WT,A,997,,,0,0
998,ASN998A,V,V,WT,A,998,,,0,0
999,ASP999A,G,G,WT,A,999,,,0,0
1000,LYS1000A,G,G,WT,A,1000,,,0,0
1001,THR1001A,E,E,WT,A,1001,,,0,0
1002,VAL1002A,A,A,WT,A,1002,,,0,0
1003,GLY1003A,R,R,WT,A,1003,,,0,0
1004,GLY1004A,K,K,WT,A,1004,,,0,0
1005,GLU1005A,V,V,WT,A,1005,,,0,0
1006,ALA1006A,Y,Y,WT,A,1006,,,0,0
1007,ARG1007A,D,D,WT,A,1007,,,0,0
1008,LYS1008A,D,D,WT,A,1008,,,0,0
1009,VAL1009A,A,A,WT,A,1009,,,0,0
1010,TYR1010A,H,H,WT,A,1010,,,0,0
1011,ASP1011A,N,N,WT,A,1011,,,0,0
1012,ASP1012A,M,M,WT,A,1012,,,0,0
1013,ALA1013A,L,L,WT,A,1013,,,0,0
1014,HIS1014A,N,N,WT,A,1014,,,0,0
1015,ASN1015A,T,T,WT,A,1015,,,0,0
1016,MET1016A,L,L,WT,A,1016,,,0,0
1017,LEU1017A,I,I,WT,A,1017,,,0,0
1018,ASN1018A,S,S,WT,A,1018,,,0,0
1019,THR1019A,Q,Q,WT,A,1019,,,0,0
1020,LEU1020A,K,K,WT,A,1020,,,0,0
1021,ILE1021A,K,K,WT,A,1021,,,0,0
1022,SER1022A,L,L,WT,A,1022,,,0,0
1023,GLN1023A,R,R,WT,A,1023,,,0,0
1024,LYS1024A,A,A,WT,A,1024,,,0,0
1025,LYS1025A,R,R,WT,A,1025,,,0,0
1026,LEU1026A,G,G,WT,A,1026,,,0,0
1027,ARG1027A,V,V,WT,A,1027,,,0,0
1028,ALA1028A,V,V,WT,A,1028,,,0,0
1029,ARG1029A,G,G,WT,A,1029,,,0,0
1030,GLY1030A,F,F,WT,A,1030,,,0,0
1031,VAL1031A,W,W,WT,A,1031,,,0,0
1032,VAL1032A,P,P,WT,A,1032,,,0,0
1033,GLY1033A,A,A,WT,A,1033,,,0,0
1034,PHE1034A,Q,Q,WT,A,1034,,,0,0
1035,TRP1035A,S,S,WT,A,1035,,,0,0
1036,PRO1036A,I,I,WT,A,1036,,,0,0
1037,ALA1037A,Q,Q,WT,A,1037,,,0,0
1038,GLN1038A,D,D,WT,A,1038,,,0,0
1039,SER1039A,D,D,WT,A,1039,,,0,0
1040,ILE1040A,I,I,WT,A,1040,,,0,0
1041,GLN1041A,H,H,WT,A,1041,,,0,0
1042,ASP1042A,L,L,WT,A,1042,,,0,0
1043,ASP1043A,Y,Y,WT,A,1043,,,0,0
1044,ILE1044A,A,A,WT,A,1044,,,0,0
1045,HIS1045A,E,E,WT,A,1045,,,0,0
1046,LEU1046A,A,A,WT,A,1046,,,0,0
1047,TYR1047A,A,A,WT,A,1047,,,0,0
1048,ALA1048A,V,V,WT,A,1048,,,0,0
1049,GLU1049A,P,P,WT,A,1049,,,0,0
1050,ALA1050A,Q,Q,WT,A,1050,,,0,0
1051,ALA1051A,A,A,WT,A,1051,,,0,0
1052,VAL1052A,A,A,WT,A,1052,,,0,0
1053,PRO1053A,E,E,WT,A,1053,,,0,0
1054,GLN1054A,P,P,WT,A,1054,,,0,0
1055,ALA1055A,I,I,WT,A,1055,,,0,0
1056,ALA1056A,A,A,WT,A,1056,,,0,0
1057,GLU1057A,T,T,WT,A,1057,,,0,0
1058,PRO1058A,F,F,WT,A,1058,,,0,0
1059,ILE1059A,Y,Y,WT,A,1059,,,0,0
1060,ALA1060A,G,G,WT,A,1060,,,0,0
1061,THR1061A,L,L,WT,A,1061,,,0,0
1062,PHE1062A,R,R,WT,A,1062,,,0,0
1063,TYR1063A,Q,Q,WT,A,1063,,,0,0
1064,GLY1064A,Q,Q,WT,A,1064,,,0,0
1065,LEU1065A,A,A,WT,A,1065,,,0,0
1066,ARG1066A,E,E,WT,A,1066,,,0,0
1067,GLN1067A,K,K,WT,A,1067,,,0,0
1068,GLN1068A,D,D,WT,A,1068,,,0,0
1069,ALA1069A,S,S,WT,A,1069,,,0,0
1070,GLU1070A,A,A,WT,A,1070,,,0,0
1071,LYS1071A,S,S,WT,A,1071,,,0,0
1072,ASP1072A,T,T,WT,A,1072,,,0,0
1073,SER1073A,E,E,WT,A,1073,,,0,0
1074,ALA1074A,P,P,WT,A,1074,,,0,0
1075,SER1075A,Y,Y,WT,A,1075,,,0,0
1076,THR1076A,Y,Y,WT,A,1076,,,0,0
1077,GLU1077A,C,C,WT,A,1077,,,0,0
1078,PRO1078A,L,L,WT,A,1078,,,0,0
1079,TYR1079A,S,S,WT,A,1079,,,0,0
1080,TYR1080A,D,D,WT,A,1080,,,0,0
1081,CYS1081A,F,F,WT,A,1081,,,0,0
1082,LEU1082A,I,I,WT,A,1082,,,0,0
1083,SER1083A,A,A,WT,A,1083,,,0,0
1084,ASP1084A,P,P,WT,A,1084,,,0,0
1085,PHE1085A,L,L,WT,A,1085,,,0,0
1086,ILE1086A,H,H,WT,A,1086,,,0,0
1087,ALA1087A,S,S,WT,A,1087,,,0,0
1088,PRO1088A,G,G,WT,A,1088,,,0,0
1089,LEU1089A,I,I,WT,A,1089,,,0,0
1090,HIS1090A,R,R,WT,A,1090,,,0,0
1091,SER1091A,D,D,WT,A,1091,,,0,0
1092,GLY1092A,Y,Y,WT,A,1092,,,0,0
1093,ILE1093A,L,L,WT,A,1093,,,0,0
1094,ARG1094A,G,G,WT,A,1094,,,0,0
1095,ASP1095A,L,L,WT,A,1095,,,0,0
1096,TYR1096A,F,F,WT,A,1096,,,0,0
1097,LEU1097A,A,A,WT,A,1097,,,0,0
1098,GLY1098A,V,V,WT,A,1098,,,0,0
1099,LEU1099A,A,A,WT,A,1099,,,0,0
1100,PHE1100A,C,C,WT,A,1100,,,0,-7.794
1101,ALA1101A,F,F,WT,A,1101,,,0,0
1102,VAL1102A,G,G,WT,A,1102,,,0,0
1103,ALA1103A,V,V,WT,A,1103,,,0,0
1104,CYS1104A,E,E,WT,A,1104,,,0,0
1105,PHE1105A,E,E,WT,A,1105,,,0,0
1106,GLY1106A,L,L,WT,A,1106,,,0,0
1107,VAL1107A,S,S,WT,A,1107,,,0,0
1108,GLU1108A,K,K,WT,A,1108,,,0,0
1109,GLU1109A,A,A,WT,A,1109,,,0,0
1110,LEU1110A,Y,Y,WT,A,1110,,,0,0
1111,SER1111A,E,E,WT,A,1111,,,0,0
1112,LYS1112A,D,D,WT,A,1112,,,0,0
1113,ALA1113A,D,D,WT,A,1113,,,0,0
1114,TYR1114A,G,G,WT,A,1114,,,0,0
1115,GLU1115A,D,D,WT,A,1115,,,0,0
1116,ASP1116A,D,D,WT,A,1116,,,0,0
1117,ASP1117A,Y,Y,WT,A,1117,,,0,0
1118,GLY1118A,S,S,WT,A,1118,,,0,0
1119,ASP1119A,S,S,WT,A,1119,,,0,0
1120,ASP1120A,I,I,WT,A,1120,,,0,0
1121,TYR1121A,M,M,WT,A,1121,,,0,0
1122,SER1122A,V,V,WT,A,1122,,,0,0
1123,SER1123A,K,K,WT,A,1123,,,0,0
1124,ILE1124A,A,A,WT,A,1124,,,0,0
1125,MET1125A,L,L,WT,A,1125,,,0,0
1126,VAL1126A,G,G,WT,A,1126,,,0,0
1127,LYS1127A,D,D,WT,A,1127,,,0,0
1128,ALA1128A,R,R,WT,A,1128,,,0,0
1129,LEU1129A,L,L,WT,A,1129,,,0,0
1130,GLY1130A,A,A,WT,A,1130,,,0,0
1131,ASP1131A,E,E,WT,A,1131,,,-2602.8258,0
1132,ARG1132A,A,A,WT,A,1132,,,-32.440238,-2607.634
1133,LEU1133A,F,F,WT,A,1133,,,0,0
1134,ALA1134A,A,A,WT,A,1134,,,-166.855,0
1135,GLU1135A,E,E,WT,A,1135,,,-941.3649,-2217.8206
1136,ALA1136A,E,E,WT,A,1136,,,0,0
1137,PHE1137A,L,L,WT,A,1137,,,0,0
1138,ALA1138A,H,H,WT,A,1138,,,0,0
1139,GLU1139A,E,E,WT,A,1139,,,0,-210.7745
1140,GLU1140A,R,R,WT,A,1140,,,0,0
1141,LEU1141A,V,V,WT,A,1141,,,0,0
1142,HIS1142A,R,R,WT,A,1142,,,0,0
1143,GLU1143A,R,R,WT,A,1143,,,0,0
1144,ARG1144A,E,E,WT,A,1144,,,0,0
1145,VAL1145A,L,L,WT,A,1145,,,0,0
1146,ARG1146A,W,W,WT,A,1146,,,0,0
1147,ARG1147A,A,A,WT,A,1147,,,0,0
1148,GLU1148A,Y,Y,WT,A,1148,,,0,0
1149,LEU1149A,C,C,WT,A,1149,,,0,0
1150,TRP1150A,G,G,WT,A,1150,,,0,0
1151,ALA1151A,S,S,WT,A,1151,,,0,0
1152,TYR1152A,E,E,WT,A,1152,,,0,0
1153,CYS1153A,Q,Q,WT,A,1153,,,0,0
1154,GLY1154A,L,L,WT,A,1154,,,0,0
1155,SER1155A,D,D,WT,A,1155,,,0,0
1156,GLU1156A,V,V,WT,A,1156,,,0,0
1157,GLN1157A,A,A,WT,A,1157,,,0,0
1158,LEU1158A,D,D,WT,A,1158,,,0,0
1159,ASP1159A,L,L,WT,A,1159,,,0,0
1160,VAL1160A,R,R,WT,A,1160,,,0,0
1161,ALA1161A,R,R,WT,A,1161,,,0,0
1162,ASP1162A,L,L,WT,A,1162,,,0,0
1163,LEU1163A,R,R,WT,A,1163,,,0,0
1164,ARG1164A,Y,Y,WT,A,1164,,,0,-412.081144
1165,ARG1165A,K,K,WT,A,1165,,,0,0
1166,LEU1166A,G,G,WT,A,1166,,,0,-896.3828
1167,ARG1167A,I,I,WT,A,1167,,,0,0
1168,TYR1168A,R,R,WT,A,1168,,,0,-156.8784
1169,LYS1169A,P,P,WT,A,1169,,,0,0
1170,GLY1170A,A,A,WT,A,1170,,,0,0
1171,ILE1171A,P,P,WT,A,1171,,,0,0
1172,ARG1172A,G,G,WT,A,1172,,,0,-1869.199853
1173,PRO1173A,Y,Y,WT,A,1173,,,0,-1893.808
1174,ALA1174A,P,P,WT,A,1174,,,-1449.679896,-2035.0583
1175,PRO1175A,S,S,WT,A,1175,,,-915.6964,0
1176,GLY1176A,Q,Q,WT,A,1176,,,-2441.274665,0
1177,TYR1177A,P,P,WT,A,1177,,,-8286.4428,-10035.949
1178,PRO1178A,D,D,WT,A,1178,,,-1026.628066,-793.907634
1179,SER1179A,H,H,WT,A,1179,,,0,-2894.252471
1180,GLN1180A,T,T,WT,A,1180,,,0,-201.3095
1181,PRO1181A,E,E,WT,A,1181,,,-42.172,0
1182,ASP1182A,K,K,WT,A,1182,,,0,0
1183,HIS1183A,L,L,WT,A,1183,,,-1883.81585,0
1184,THR1184A,T,T,WT,A,1184,,,0,0
1185,GLU1185A,M,M,WT,A,1185,,,0,0
1186,LYS1186A,W,W,WT,A,1186,,,-1050.3412,0
1187,LEU1187A,R,R,WT,A,1187,,,0,0
1188,THR1188A,L,L,WT,A,1188,,,0,0
1189,MET1189A,A,A,WT,A,1189,,,0,0
1190,TRP1190A,D,D,WT,A,1190,,,0,0
1191,ARG1191A,I,I,WT,A,1191,,,0,0
1192,LEU1192A,E,E,WT,A,1192,,,0,0
1193,ALA1193A,Q,Q,WT,A,1193,,,0,0
1194,ASP1194A,S,S,WT,A,1194,,,0,0
1195,ILE1195A,T,T,WT,A,1195,,,0,0
1196,GLU1196A,G,G,WT,A,1196,,,0,0
1197,GLN1197A,I,I,WT,A,1197,,,0,0
1198,SER1198A,R,R,WT,A,1198,,,0,0
1199,THR1199A,L,L,WT,A,1199,,,0,0
1200,GLY1200A,T,T,WT,A,1200,,,0,0
1201,ILE1201A,E,E,WT,A,1201,,,0,0
1202,ARG1202A,S,S,WT,A,1202,,,0,0
1203,LEU1203A,L,L,WT,A,1203,,,0,0
1204,THR1204A,A,A,WT,A,1204,,,0,0
1205,GLU1205A,M,M,WT,A,1205,,,0,0
1206,SER1206A,A,A,WT,A,1206,,,0,0
1207,LEU1207A,P,P,WT,A,1207,,,-15.069,0
1208,ALA1208A,A,A,WT,A,1208,,,-868.3767,0
1209,MET1209A,S,S,WT,A,1209,,,-4799.142814,0
1210,ALA1210A,A,A,WT,A,1210,,,0,0
1211,PRO1211A,V,V,WT,A,1211,,,-342.242,0
1212,ALA1212A,S,S,WT,A,1212,,,-1967.508455,0
1213,SER1213A,G,G,WT,A,1213,,,-169.12,0
1214,ALA1214A,L,L,WT,A,1214,,,-1559.304752,0
1215,VAL1215A,Y,Y,WT,A,1215,,,-878.02284,-1.3308
1216,SER1216A,F,F,WT,A,1216,,,1026.3609,0
1217,GLY1217A,S,S,WT,A,1217,,,0,0
1218,LEU1218A,N,N,WT,A,1218,,,0,0
1219,TYR1219A,L,L,WT,A,1219,,,0,0
1220,PHE1220A,K,K,WT,A,1220,,,0,0
1221,SER1221A,S,S,WT,A,1221,,,0,0
1222,ASN1222A,K,K,WT,A,1222,,,0,0
1223,LEU1223A,Y,Y,WT,A,1223,,,0,0
1224,LYS1224A,F,F,WT,A,1224,,,0,0
1225,SER1225A,A,A,WT,A,1225,,,0,0
1226,LYS1226A,V,V,WT,A,1226,,,0,0
1227,TYR1227A,G,G,WT,A,1227,,,0,-9191.521482
1228,PHE1228A,K,K,WT,A,1228,,,0,-484.967039
1229,ALA1229A,I,I,WT,A,1229,,,0,0
1230,VAL1230A,S,S,WT,A,1230,,,0,0
1231,GLY1231A,K,K,WT,A,1231,,,0,0
1232,LYS1232A,D,D,WT,A,1232,,,0,0
1233,ILE1233A,Q,Q,WT,A,1233,,,0,0
1234,SER1234A,V,V,WT,A,1234,,,0,0
1235,LYS1235A,E,E,WT,A,1235,,,0,0
1236,ASP1236A,D,D,WT,A,1236,,,0,0
1237,GLN1237A,Y,Y,WT,A,1237,,,0,0
1238,VAL1238A,A,A,WT,A,1238,,,0,0
1239,GLU1239A,L,L,WT,A,1239,,,0,0
1240,ASP1240A,R,R,WT,A,1240,,,0,0
1241,TYR1241A,K,K,WT,A,1241,,,0,0
1242,ALA1242A,N,N,WT,A,1242,,,0,0
1243,LEU1243A,I,I,WT,A,1243,,,0,0
1244,ARG1244A,S,S,WT,A,1244,,,0,0
1245,LYS1245A,V,V,WT,A,1245,,,0,0
1246,ASN1246A,A,A,WT,A,1246,,,0,0
1247,ILE1247A,E,E,WT,A,1247,,,0,0
1248,SER1248A,V,V,WT,A,1248,,,0,0
1249,VAL1249A,E,E,WT,A,1249,,,0,0
1250,ALA1250A,K,K,WT,A,1250,,,0,0
1251,GLU1251A,W,W,WT,A,1251,,,0,0
1252,VAL1252A,L,L,WT,A,1252,,,0,0
1253,GLU1253A,G,G,WT,A,1253,,,0,0
1254,LYS1254A,P,P,WT,A,1254,,,0,0
1255,TRP1255A,I,I,WT,A,1255,,,0,0
1256,LEU1256A,L,L,WT,A,1256,,,0,0
1257,GLY1257A,G,G,WT,A,1257,,,0,0
1258,PRO1258A,Y,Y,WT,A,1258,,,0,0
1259,ILE1259A,D,D,WT,A,1259,,,0,0
1260,LEU1260A,T,T,WT,A,1260,,,0,0
1261,GLY1261A,,,WT,A,1261,,,0,0
1262,TYR1262A,,,WT,A,1262,,,0,0
1263,ASP1263A,,,WT,A,1263,,,0,0
1264,THR1264A,,,WT,A,1264,,,0,0